tourney_date,w_aces,l_aces,w_doubleFaults,l_doubleFaults,w_firstServePointsAccuracy,l_firstServePointsAccuracy,w_secondServePointsAccuracy,l_secondServePointsAccuracy,w_breakPointsSaved,l_breakPointsSaved
20240115,11.0,7.0,1.0,7.0,51.0,55.0,32.0,12.0,5.0,9.0
20240115,20.0,11.0,3.0,5.0,51.0,51.0,15.0,15.0,3.0,7.0
20240115,16.0,6.0,5.0,4.0,36.0,45.0,29.0,18.0,4.0,8.0
20240115,11.0,6.0,0.0,2.0,43.0,31.0,14.0,13.0,4.0,8.0
20240115,13.0,14.0,6.0,0.0,62.0,52.0,27.0,30.0,6.0,6.0
20240115,8.0,3.0,3.0,5.0,40.0,31.0,11.0,15.0,3.0,9.0
20240115,18.0,13.0,5.0,10.0,73.0,55.0,33.0,32.0,12.0,4.0
20240115,14.0,1.0,2.0,2.0,55.0,50.0,13.0,13.0,9.0,1.0
20240115,8.0,4.0,1.0,7.0,65.0,65.0,27.0,25.0,12.0,9.0
20240115,8.0,8.0,3.0,3.0,44.0,55.0,28.0,21.0,6.0,11.0
20240115,10.0,16.0,3.0,6.0,47.0,46.0,19.0,25.0,0.0,11.0
20240115,9.0,1.0,3.0,7.0,64.0,50.0,27.0,34.0,6.0,8.0
20240115,7.0,6.0,4.0,4.0,62.0,56.0,31.0,26.0,3.0,5.0
20240115,11.0,21.0,6.0,3.0,59.0,73.0,39.0,29.0,0.0,8.0
20240115,18.0,14.0,3.0,2.0,70.0,66.0,32.0,39.0,12.0,8.0
20240115,10.0,6.0,6.0,3.0,48.0,36.0,27.0,28.0,3.0,9.0
20240115,7.0,8.0,2.0,2.0,35.0,45.0,24.0,15.0,5.0,10.0
20240115,11.0,7.0,2.0,3.0,56.0,45.0,23.0,19.0,4.0,3.0
20240115,16.0,11.0,2.0,4.0,90.0,71.0,28.0,33.0,17.0,7.0
20240115,6.0,13.0,2.0,5.0,42.0,34.0,15.0,17.0,8.0,7.0
20240115,15.0,12.0,8.0,2.0,71.0,56.0,29.0,19.0,10.0,5.0
20240115,4.0,4.0,0.0,4.0,56.0,40.0,13.0,19.0,6.0,7.0
20240115,23.0,34.0,8.0,6.0,76.0,73.0,34.0,26.0,11.0,2.0
20240115,15.0,10.0,4.0,3.0,65.0,68.0,33.0,26.0,7.0,8.0
20240115,10.0,12.0,1.0,1.0,35.0,30.0,24.0,18.0,4.0,1.0
20240115,16.0,1.0,1.0,0.0,52.0,40.0,21.0,15.0,9.0,8.0
20240115,9.0,18.0,4.0,6.0,92.0,85.0,29.0,29.0,9.0,10.0
20240115,14.0,8.0,4.0,2.0,53.0,65.0,32.0,23.0,3.0,9.0
20240115,12.0,13.0,5.0,11.0,52.0,61.0,23.0,20.0,2.0,10.0
20240115,21.0,15.0,5.0,2.0,78.0,72.0,29.0,21.0,12.0,5.0
20240115,9.0,4.0,2.0,3.0,50.0,30.0,9.0,18.0,1.0,7.0
20240115,21.0,15.0,1.0,6.0,83.0,91.0,25.0,34.0,4.0,19.0
20240115,17.0,4.0,5.0,4.0,66.0,57.0,29.0,26.0,6.0,8.0
20240115,11.0,5.0,3.0,7.0,66.0,64.0,21.0,29.0,3.0,11.0
20240115,18.0,3.0,4.0,8.0,55.0,59.0,23.0,19.0,1.0,8.0
20240115,15.0,16.0,5.0,3.0,68.0,67.0,38.0,35.0,10.0,4.0
20240115,9.0,9.0,1.0,3.0,55.0,55.0,30.0,26.0,7.0,12.0
20240115,13.0,14.0,2.0,7.0,47.0,52.0,26.0,22.0,1.0,7.0
20240115,12.0,12.0,4.0,7.0,47.0,46.0,26.0,19.0,9.0,7.0
20240115,24.0,3.0,1.0,0.0,48.0,40.0,20.0,21.0,1.0,4.0
20240115,8.0,5.0,8.0,6.0,64.0,51.0,16.0,35.0,5.0,16.0
20240115,26.0,15.0,3.0,3.0,87.0,78.0,31.0,33.0,2.0,5.0
20240115,18.0,11.0,0.0,4.0,54.0,51.0,18.0,17.0,7.0,10.0
20240115,11.0,7.0,2.0,4.0,57.0,46.0,18.0,23.0,5.0,8.0
20240115,16.0,15.0,10.0,8.0,75.0,85.0,40.0,28.0,5.0,8.0
20240115,31.0,12.0,10.0,5.0,84.0,84.0,22.0,31.0,7.0,7.0
20240115,19.0,17.0,5.0,1.0,66.0,59.0,27.0,25.0,4.0,4.0
20240115,9.0,12.0,4.0,7.0,39.0,50.0,21.0,19.0,5.0,13.0
20240115,19.0,8.0,2.0,1.0,73.0,59.0,22.0,27.0,8.0,6.0
20240115,16.0,6.0,6.0,10.0,69.0,57.0,21.0,36.0,6.0,6.0
20240115,8.0,13.0,4.0,3.0,56.0,48.0,23.0,17.0,8.0,2.0
20240115,6.0,3.0,2.0,3.0,32.0,30.0,21.0,10.0,3.0,4.0
20240115,6.0,2.0,3.0,4.0,36.0,24.0,21.0,26.0,3.0,8.0
20240115,15.0,2.0,6.0,1.0,50.0,58.0,36.0,17.0,6.0,5.0
20240115,17.0,9.0,3.0,11.0,61.0,66.0,30.0,21.0,6.0,8.0
20240115,11.0,2.0,5.0,2.0,34.0,27.0,20.0,11.0,4.0,6.0
20240115,9.0,6.0,2.0,2.0,37.0,30.0,18.0,11.0,4.0,2.0
20240115,17.0,13.0,5.0,4.0,52.0,49.0,29.0,21.0,5.0,8.0
20240115,8.0,11.0,1.0,4.0,62.0,57.0,24.0,17.0,3.0,2.0
20240115,25.0,24.0,4.0,6.0,82.0,73.0,33.0,31.0,11.0,8.0
20240115,1.0,13.0,0.0,9.0,47.0,40.0,13.0,19.0,4.0,6.0
20240115,4.0,6.0,4.0,4.0,57.0,52.0,30.0,20.0,13.0,5.0
20240115,23.0,3.0,1.0,6.0,72.0,59.0,24.0,34.0,5.0,8.0
20240115,9.0,3.0,3.0,3.0,45.0,51.0,21.0,11.0,2.0,12.0
20240115,11.0,17.0,0.0,4.0,60.0,47.0,27.0,27.0,5.0,8.0
20240115,5.0,12.0,0.0,4.0,54.0,44.0,13.0,12.0,4.0,4.0
20240115,7.0,10.0,3.0,8.0,56.0,66.0,24.0,22.0,4.0,8.0
20240115,17.0,9.0,4.0,1.0,56.0,63.0,24.0,17.0,3.0,7.0
20240115,11.0,2.0,2.0,5.0,34.0,27.0,13.0,11.0,1.0,6.0
20240115,7.0,6.0,3.0,6.0,42.0,45.0,18.0,17.0,5.0,12.0
20240115,9.0,6.0,3.0,0.0,57.0,64.0,35.0,27.0,7.0,5.0
20240115,13.0,5.0,2.0,0.0,58.0,56.0,47.0,31.0,9.0,4.0
20240115,7.0,6.0,1.0,3.0,32.0,29.0,16.0,12.0,0.0,6.0
20240115,4.0,6.0,5.0,2.0,53.0,53.0,20.0,28.0,1.0,14.0
20240115,10.0,13.0,1.0,2.0,50.0,54.0,15.0,18.0,2.0,7.0
20240115,22.0,16.0,0.0,5.0,51.0,46.0,22.0,22.0,7.0,6.0
20240115,4.0,4.0,3.0,2.0,37.0,24.0,17.0,15.0,5.0,7.0
20240115,5.0,2.0,4.0,5.0,49.0,48.0,33.0,24.0,6.0,3.0
20240115,12.0,19.0,4.0,4.0,38.0,54.0,25.0,19.0,1.0,14.0
20240115,10.0,10.0,0.0,2.0,51.0,49.0,14.0,11.0,3.0,7.0
20240115,18.0,6.0,2.0,4.0,61.0,55.0,25.0,35.0,3.0,5.0
20240115,11.0,13.0,3.0,11.0,54.0,48.0,23.0,23.0,3.0,5.0
20240115,15.0,14.0,3.0,4.0,61.0,49.0,24.0,20.0,5.0,4.0
20240115,19.0,19.0,2.0,10.0,74.0,76.0,27.0,24.0,1.0,14.0
20240115,8.0,12.0,1.0,3.0,64.0,66.0,17.0,22.0,7.0,12.0
20240115,7.0,5.0,5.0,4.0,53.0,40.0,22.0,17.0,7.0,4.0
20240115,4.0,6.0,8.0,6.0,49.0,33.0,15.0,21.0,8.0,12.0
20240115,23.0,1.0,8.0,4.0,73.0,63.0,32.0,36.0,13.0,8.0
20240115,21.0,13.0,2.0,5.0,105.0,99.0,18.0,35.0,7.0,8.0
20240115,7.0,10.0,3.0,3.0,59.0,52.0,23.0,24.0,4.0,8.0
20240115,16.0,29.0,4.0,8.0,80.0,73.0,21.0,30.0,3.0,6.0
20240115,22.0,27.0,5.0,6.0,99.0,84.0,28.0,30.0,12.0,8.0
20240115,9.0,4.0,4.0,2.0,50.0,46.0,26.0,27.0,2.0,13.0
20240115,10.0,23.0,8.0,7.0,73.0,90.0,27.0,27.0,3.0,12.0
20240115,8.0,7.0,3.0,1.0,62.0,49.0,25.0,25.0,5.0,7.0
20240115,12.0,10.0,4.0,2.0,69.0,67.0,29.0,26.0,3.0,3.0
20240115,10.0,13.0,0.0,1.0,49.0,51.0,16.0,10.0,0.0,4.0
20240115,9.0,18.0,9.0,4.0,76.0,86.0,36.0,24.0,14.0,11.0
20240115,19.0,7.0,2.0,10.0,42.0,57.0,20.0,28.0,1.0,17.0
20240115,12.0,1.0,0.0,5.0,39.0,23.0,20.0,12.0,8.0,2.0
20240115,6.0,2.0,0.0,0.0,35.0,29.0,13.0,5.0,4.0,5.0
20240115,17.0,17.0,5.0,5.0,81.0,68.0,29.0,24.0,17.0,1.0
20240115,4.0,4.0,0.0,2.0,33.0,33.0,25.0,18.0,7.0,14.0
20240115,13.0,18.0,3.0,5.0,54.0,50.0,13.0,13.0,1.0,6.0
20240115,14.0,4.0,3.0,4.0,39.0,31.0,14.0,14.0,0.0,9.0
20240115,17.0,4.0,3.0,0.0,63.0,51.0,20.0,24.0,5.0,7.0
20240115,21.0,11.0,4.0,2.0,80.0,57.0,22.0,25.0,11.0,3.0
20240115,8.0,8.0,4.0,4.0,43.0,33.0,15.0,14.0,1.0,2.0
20240115,11.0,1.0,1.0,3.0,46.0,35.0,15.0,15.0,0.0,5.0
20240115,11.0,19.0,3.0,4.0,61.0,63.0,31.0,18.0,9.0,2.0
20240115,10.0,16.0,0.0,2.0,61.0,69.0,27.0,37.0,4.0,16.0
20240115,3.0,0.0,1.0,1.0,16.0,13.0,13.0,7.0,0.0,6.0
20240115,17.0,1.0,5.0,0.0,39.0,17.0,13.0,8.0,3.0,4.0
20240115,13.0,12.0,2.0,7.0,68.0,65.0,18.0,22.0,2.0,7.0
20240115,8.0,7.0,3.0,0.0,41.0,40.0,26.0,14.0,9.0,3.0
20240115,6.0,6.0,6.0,6.0,72.0,54.0,40.0,38.0,13.0,5.0
20240115,11.0,18.0,1.0,2.0,49.0,53.0,25.0,24.0,0.0,6.0
20240115,13.0,5.0,11.0,4.0,69.0,60.0,24.0,18.0,7.0,7.0
20240115,15.0,10.0,6.0,2.0,87.0,73.0,16.0,33.0,6.0,10.0
20240115,5.0,3.0,0.0,1.0,39.0,32.0,14.0,15.0,0.0,4.0
20240115,20.0,16.0,3.0,2.0,59.0,59.0,25.0,31.0,4.0,17.0
20240115,10.0,10.0,3.0,2.0,57.0,54.0,22.0,11.0,8.0,5.0
20240115,11.0,16.0,10.0,5.0,86.0,72.0,29.0,27.0,10.0,5.0
20240115,7.0,6.0,1.0,2.0,69.0,53.0,8.0,16.0,3.0,3.0
20240115,9.0,7.0,1.0,4.0,53.0,53.0,29.0,17.0,0.0,6.0
20240115,14.0,14.0,6.0,1.0,72.0,94.0,35.0,22.0,5.0,10.0
20240115,14.0,11.0,5.0,3.0,65.0,72.0,30.0,20.0,8.0,5.0
20230116,6.0,13.0,3.0,3.0,57.0,42.0,21.0,27.0,7.0,6.0
20230116,14.0,19.0,4.0,9.0,81.0,98.0,31.0,24.0,1.0,4.0
20230116,0.0,7.0,4.0,6.0,37.0,40.0,12.0,10.0,4.0,11.0
20230116,1.0,6.0,1.0,3.0,40.0,41.0,19.0,12.0,3.0,6.0
20230116,11.0,1.0,1.0,1.0,50.0,33.0,14.0,12.0,6.0,6.0
20230116,6.0,0.0,2.0,3.0,45.0,40.0,19.0,11.0,3.0,0.0
20230116,3.0,19.0,0.0,7.0,72.0,67.0,21.0,19.0,2.0,9.0
20230116,24.0,17.0,3.0,2.0,68.0,65.0,31.0,33.0,7.0,12.0
20230116,24.0,0.0,1.0,4.0,46.0,38.0,14.0,10.0,0.0,0.0
20230116,16.0,0.0,4.0,2.0,79.0,56.0,19.0,30.0,4.0,4.0
20230116,15.0,11.0,3.0,3.0,56.0,54.0,26.0,23.0,5.0,6.0
20230116,16.0,5.0,7.0,2.0,51.0,52.0,25.0,13.0,3.0,7.0
20230116,16.0,5.0,5.0,2.0,46.0,35.0,25.0,27.0,10.0,4.0
20230116,10.0,8.0,4.0,4.0,40.0,31.0,13.0,13.0,0.0,8.0
20230116,9.0,20.0,3.0,1.0,90.0,75.0,30.0,38.0,4.0,6.0
20230116,9.0,1.0,4.0,0.0,40.0,21.0,13.0,10.0,6.0,6.0
20230116,17.0,9.0,6.0,6.0,51.0,46.0,17.0,10.0,7.0,3.0
20230116,15.0,21.0,6.0,2.0,90.0,73.0,33.0,27.0,12.0,8.0
20230116,13.0,6.0,3.0,3.0,52.0,44.0,21.0,16.0,1.0,6.0
20230116,11.0,6.0,6.0,3.0,71.0,53.0,28.0,22.0,17.0,8.0
20230116,17.0,7.0,5.0,2.0,80.0,62.0,30.0,31.0,7.0,3.0
20230116,9.0,1.0,4.0,4.0,66.0,77.0,32.0,21.0,13.0,11.0
20230116,10.0,7.0,1.0,3.0,56.0,49.0,19.0,31.0,2.0,12.0
20230116,6.0,2.0,2.0,2.0,44.0,24.0,12.0,13.0,5.0,3.0
20230116,6.0,1.0,2.0,4.0,47.0,25.0,13.0,15.0,5.0,8.0
20230116,5.0,10.0,3.0,4.0,68.0,43.0,10.0,15.0,6.0,6.0
20230116,42.0,10.0,5.0,6.0,83.0,66.0,25.0,31.0,3.0,3.0
20230116,7.0,3.0,3.0,0.0,43.0,36.0,17.0,10.0,6.0,4.0
20230116,6.0,0.0,3.0,0.0,48.0,36.0,16.0,14.0,4.0,2.0
20230116,2.0,3.0,3.0,2.0,82.0,69.0,22.0,27.0,5.0,12.0
20230116,7.0,16.0,4.0,4.0,52.0,72.0,37.0,23.0,7.0,14.0
20230116,13.0,14.0,7.0,7.0,59.0,66.0,26.0,26.0,1.0,9.0
20230116,7.0,4.0,3.0,0.0,48.0,30.0,13.0,21.0,2.0,12.0
20230116,10.0,21.0,4.0,5.0,70.0,71.0,26.0,16.0,6.0,8.0
20230116,7.0,2.0,14.0,4.0,65.0,45.0,26.0,22.0,21.0,10.0
20230116,5.0,11.0,6.0,3.0,52.0,58.0,24.0,22.0,3.0,5.0
20230116,12.0,16.0,2.0,5.0,58.0,56.0,22.0,26.0,4.0,2.0
20230116,12.0,2.0,3.0,1.0,42.0,29.0,17.0,15.0,3.0,8.0
20230116,34.0,5.0,11.0,3.0,65.0,58.0,27.0,29.0,3.0,5.0
20230116,11.0,4.0,4.0,3.0,40.0,40.0,14.0,10.0,6.0,6.0
20230116,15.0,12.0,3.0,1.0,53.0,48.0,22.0,18.0,2.0,4.0
20230116,15.0,9.0,3.0,7.0,65.0,58.0,34.0,24.0,12.0,3.0
20230116,14.0,21.0,4.0,2.0,70.0,67.0,24.0,19.0,3.0,5.0
20230116,8.0,3.0,1.0,2.0,30.0,43.0,20.0,10.0,1.0,8.0
20230116,15.0,9.0,4.0,11.0,49.0,50.0,20.0,18.0,1.0,8.0
20230116,7.0,7.0,1.0,5.0,39.0,47.0,24.0,14.0,5.0,7.0
20230116,4.0,1.0,1.0,4.0,37.0,34.0,18.0,11.0,2.0,6.0
20230116,9.0,4.0,1.0,1.0,39.0,26.0,16.0,14.0,3.0,4.0
20230116,32.0,9.0,2.0,11.0,56.0,50.0,20.0,26.0,2.0,3.0
20230116,31.0,2.0,4.0,7.0,95.0,91.0,31.0,37.0,9.0,12.0
20230116,18.0,12.0,8.0,2.0,66.0,72.0,36.0,26.0,5.0,3.0
20230116,21.0,5.0,0.0,2.0,49.0,38.0,19.0,23.0,0.0,1.0
20230116,8.0,9.0,4.0,3.0,70.0,51.0,29.0,36.0,14.0,8.0
20230116,17.0,19.0,5.0,3.0,65.0,61.0,22.0,21.0,9.0,8.0
20230116,9.0,11.0,6.0,8.0,57.0,64.0,31.0,25.0,3.0,5.0
20230116,21.0,15.0,5.0,0.0,89.0,76.0,16.0,34.0,3.0,13.0
20230116,10.0,31.0,2.0,1.0,86.0,90.0,35.0,20.0,4.0,2.0
20230116,14.0,4.0,1.0,2.0,42.0,26.0,7.0,7.0,2.0,5.0
20230116,4.0,19.0,2.0,3.0,65.0,63.0,25.0,28.0,4.0,8.0
20230116,6.0,4.0,4.0,0.0,39.0,29.0,17.0,6.0,4.0,1.0
20230116,7.0,20.0,3.0,16.0,69.0,58.0,26.0,27.0,4.0,7.0
20230116,20.0,8.0,1.0,6.0,45.0,30.0,15.0,13.0,2.0,5.0
20230116,9.0,8.0,2.0,4.0,52.0,36.0,20.0,25.0,4.0,6.0
20230116,11.0,10.0,3.0,1.0,60.0,72.0,33.0,21.0,3.0,9.0
20230116,14.0,6.0,2.0,2.0,43.0,40.0,20.0,18.0,2.0,3.0
20230116,2.0,1.0,1.0,6.0,33.0,40.0,20.0,6.0,1.0,7.0
20230116,15.0,14.0,2.0,2.0,64.0,57.0,18.0,20.0,3.0,4.0
20230116,20.0,1.0,1.0,3.0,39.0,35.0,18.0,18.0,4.0,11.0
20230116,9.0,5.0,6.0,7.0,78.0,67.0,16.0,29.0,5.0,12.0
20230116,9.0,2.0,9.0,5.0,43.0,41.0,23.0,23.0,5.0,3.0
20230116,10.0,6.0,2.0,5.0,49.0,32.0,27.0,20.0,15.0,2.0
20230116,10.0,0.0,3.0,1.0,50.0,28.0,10.0,10.0,4.0,5.0
20230116,6.0,3.0,1.0,0.0,37.0,17.0,16.0,10.0,5.0,3.0
20230116,9.0,8.0,2.0,2.0,51.0,35.0,15.0,17.0,3.0,1.0
20230116,3.0,5.0,2.0,2.0,62.0,44.0,24.0,28.0,8.0,7.0
20230116,6.0,6.0,3.0,1.0,37.0,24.0,16.0,11.0,0.0,0.0
20230116,17.0,0.0,3.0,2.0,59.0,67.0,27.0,12.0,9.0,7.0
20230116,4.0,8.0,2.0,0.0,55.0,51.0,16.0,16.0,3.0,5.0
20230116,2.0,1.0,5.0,3.0,53.0,56.0,17.0,23.0,3.0,8.0
20230116,23.0,4.0,5.0,5.0,61.0,56.0,21.0,21.0,2.0,6.0
20230116,16.0,9.0,3.0,2.0,72.0,55.0,21.0,21.0,8.0,9.0
20230116,8.0,6.0,0.0,5.0,36.0,36.0,17.0,10.0,1.0,5.0
20230116,18.0,5.0,2.0,5.0,62.0,47.0,21.0,22.0,6.0,7.0
20230116,10.0,10.0,5.0,14.0,52.0,37.0,15.0,17.0,1.0,3.0
20230116,15.0,12.0,2.0,2.0,89.0,87.0,33.0,34.0,15.0,17.0
20230116,3.0,2.0,5.0,3.0,49.0,51.0,30.0,19.0,2.0,3.0
20230116,9.0,4.0,2.0,7.0,32.0,22.0,16.0,13.0,0.0,6.0
20230116,9.0,7.0,6.0,2.0,54.0,53.0,24.0,20.0,1.0,14.0
20230116,19.0,21.0,8.0,3.0,92.0,88.0,31.0,31.0,1.0,7.0
20230116,8.0,10.0,6.0,3.0,49.0,57.0,31.0,20.0,0.0,5.0
20230116,16.0,2.0,1.0,1.0,44.0,31.0,12.0,12.0,0.0,1.0
20230116,13.0,13.0,7.0,12.0,55.0,59.0,27.0,11.0,7.0,6.0
20230116,10.0,37.0,3.0,5.0,86.0,101.0,33.0,27.0,10.0,17.0
20230116,10.0,16.0,2.0,1.0,64.0,73.0,23.0,15.0,4.0,13.0
20230116,18.0,6.0,2.0,3.0,79.0,74.0,21.0,25.0,5.0,7.0
20230116,2.0,5.0,2.0,4.0,51.0,52.0,36.0,19.0,8.0,4.0
20230116,3.0,7.0,4.0,6.0,43.0,46.0,18.0,16.0,4.0,10.0
20230116,20.0,15.0,4.0,5.0,70.0,56.0,31.0,31.0,11.0,6.0
20230116,16.0,20.0,6.0,16.0,80.0,65.0,17.0,34.0,12.0,10.0
20230116,3.0,9.0,5.0,3.0,53.0,52.0,19.0,19.0,2.0,5.0
20230116,7.0,6.0,5.0,2.0,44.0,41.0,20.0,18.0,1.0,4.0
20230116,6.0,3.0,5.0,4.0,57.0,45.0,25.0,14.0,7.0,4.0
20230116,8.0,5.0,2.0,7.0,63.0,58.0,33.0,30.0,7.0,5.0
20230116,9.0,3.0,5.0,3.0,51.0,43.0,15.0,15.0,4.0,14.0
20230116,10.0,3.0,1.0,3.0,41.0,43.0,20.0,13.0,4.0,11.0
20230116,5.0,9.0,2.0,2.0,50.0,40.0,15.0,16.0,2.0,3.0
20230116,8.0,6.0,4.0,2.0,31.0,37.0,20.0,17.0,3.0,15.0
20230116,11.0,15.0,2.0,4.0,60.0,47.0,13.0,19.0,5.0,7.0
20230116,12.0,14.0,3.0,1.0,52.0,51.0,21.0,11.0,4.0,6.0
20230116,10.0,6.0,3.0,3.0,36.0,22.0,21.0,13.0,4.0,2.0
20230116,5.0,7.0,1.0,5.0,63.0,50.0,19.0,27.0,0.0,8.0
20230116,7.0,2.0,2.0,4.0,37.0,37.0,19.0,16.0,4.0,9.0
20230116,15.0,1.0,2.0,3.0,43.0,18.0,14.0,14.0,3.0,3.0
20230116,8.0,19.0,5.0,3.0,65.0,66.0,33.0,27.0,7.0,6.0
20230116,12.0,11.0,3.0,3.0,81.0,66.0,26.0,23.0,22.0,6.0
20230116,9.0,20.0,3.0,7.0,71.0,69.0,25.0,22.0,2.0,3.0
20230116,22.0,8.0,4.0,12.0,77.0,63.0,27.0,37.0,12.0,8.0
20230116,4.0,3.0,3.0,2.0,33.0,26.0,16.0,14.0,0.0,6.0
20230116,23.0,19.0,1.0,2.0,88.0,84.0,35.0,30.0,2.0,5.0
20230116,11.0,2.0,1.0,3.0,54.0,51.0,28.0,23.0,8.0,9.0
20230116,12.0,4.0,0.0,2.0,40.0,30.0,13.0,13.0,2.0,6.0
20230116,9.0,7.0,2.0,4.0,53.0,49.0,22.0,15.0,8.0,4.0
20230116,14.0,6.0,5.0,3.0,45.0,39.0,16.0,9.0,5.0,9.0
20230116,7.0,24.0,3.0,6.0,66.0,71.0,27.0,32.0,2.0,12.0
20230116,18.0,10.0,5.0,1.0,69.0,62.0,25.0,26.0,1.0,7.0
20230116,12.0,4.0,5.0,0.0,40.0,24.0,21.0,14.0,7.0,4.0
20230116,7.0,15.0,3.0,3.0,54.0,50.0,21.0,19.0,2.0,3.0
20220117,4.0,3.0,2.0,5.0,33.0,25.0,15.0,12.0,1.0,7.0
20220117,9.0,3.0,5.0,2.0,42.0,33.0,17.0,12.0,2.0,5.0
20220117,9.0,0.0,5.0,4.0,42.0,23.0,12.0,21.0,7.0,6.0
20220117,10.0,2.0,3.0,2.0,58.0,51.0,16.0,13.0,9.0,8.0
20220117,11.0,2.0,2.0,3.0,34.0,24.0,17.0,11.0,6.0,4.0
20220117,30.0,3.0,11.0,5.0,69.0,60.0,18.0,23.0,7.0,7.0
20220117,7.0,3.0,5.0,4.0,57.0,70.0,28.0,11.0,6.0,7.0
20220117,10.0,26.0,7.0,4.0,70.0,85.0,49.0,32.0,6.0,11.0
20220117,6.0,6.0,5.0,2.0,44.0,24.0,13.0,14.0,3.0,5.0
20220117,5.0,4.0,2.0,4.0,51.0,45.0,26.0,23.0,8.0,4.0
20220117,11.0,3.0,1.0,4.0,41.0,26.0,19.0,22.0,2.0,8.0
20220117,8.0,12.0,2.0,3.0,45.0,45.0,18.0,2.0,3.0,3.0
20220117,12.0,2.0,3.0,3.0,33.0,35.0,15.0,16.0,0.0,9.0
20220117,9.0,10.0,2.0,8.0,78.0,62.0,15.0,29.0,2.0,7.0
20220117,5.0,3.0,7.0,4.0,52.0,45.0,18.0,18.0,4.0,5.0
20220117,21.0,12.0,2.0,2.0,57.0,57.0,30.0,19.0,8.0,8.0
20220117,14.0,1.0,6.0,3.0,57.0,48.0,10.0,22.0,0.0,14.0
20220117,6.0,26.0,0.0,5.0,55.0,57.0,25.0,18.0,5.0,15.0
20220117,7.0,3.0,5.0,2.0,52.0,42.0,20.0,23.0,1.0,2.0
20220117,11.0,14.0,1.0,2.0,68.0,70.0,36.0,21.0,4.0,7.0
20220117,23.0,11.0,0.0,3.0,51.0,44.0,18.0,16.0,0.0,1.0
20220117,7.0,3.0,5.0,6.0,47.0,35.0,14.0,19.0,2.0,3.0
20220117,15.0,12.0,10.0,8.0,65.0,60.0,24.0,18.0,6.0,7.0
20220117,13.0,6.0,5.0,4.0,58.0,65.0,28.0,28.0,2.0,6.0
20220117,16.0,5.0,2.0,5.0,72.0,60.0,24.0,21.0,8.0,7.0
20220117,18.0,14.0,3.0,6.0,55.0,45.0,24.0,30.0,11.0,7.0
20220117,7.0,1.0,3.0,4.0,50.0,49.0,25.0,21.0,3.0,12.0
20220117,7.0,6.0,8.0,4.0,72.0,78.0,38.0,28.0,9.0,19.0
20220117,17.0,5.0,2.0,2.0,62.0,44.0,17.0,26.0,4.0,7.0
20220117,21.0,11.0,0.0,4.0,41.0,35.0,13.0,21.0,0.0,9.0
20220117,4.0,6.0,2.0,3.0,38.0,29.0,21.0,14.0,8.0,4.0
20220117,7.0,2.0,2.0,2.0,43.0,26.0,13.0,13.0,2.0,4.0
20220117,4.0,12.0,4.0,0.0,81.0,77.0,22.0,25.0,3.0,5.0
20220117,0.0,1.0,0.0,2.0,48.0,29.0,7.0,13.0,3.0,1.0
20220117,9.0,4.0,4.0,4.0,40.0,30.0,18.0,14.0,3.0,5.0
20220117,4.0,2.0,0.0,2.0,42.0,38.0,19.0,20.0,3.0,13.0
20220117,13.0,13.0,1.0,7.0,63.0,56.0,30.0,31.0,4.0,10.0
20220117,8.0,5.0,1.0,1.0,41.0,41.0,16.0,9.0,1.0,7.0
20220117,15.0,19.0,5.0,3.0,72.0,82.0,39.0,23.0,2.0,10.0
20220117,3.0,1.0,2.0,3.0,42.0,31.0,18.0,16.0,0.0,5.0
20220117,3.0,6.0,1.0,6.0,61.0,47.0,19.0,27.0,4.0,10.0
20220117,10.0,7.0,3.0,2.0,58.0,45.0,16.0,23.0,1.0,5.0
20220117,7.0,14.0,3.0,4.0,69.0,63.0,25.0,20.0,3.0,8.0
20220117,16.0,4.0,0.0,2.0,44.0,36.0,17.0,22.0,2.0,3.0
20220117,8.0,10.0,4.0,4.0,60.0,54.0,28.0,29.0,7.0,9.0
20220117,30.0,13.0,13.0,3.0,70.0,77.0,35.0,26.0,8.0,10.0
20220117,3.0,1.0,2.0,4.0,70.0,61.0,9.0,22.0,5.0,11.0
20220117,6.0,2.0,3.0,4.0,39.0,33.0,18.0,16.0,9.0,6.0
20220117,13.0,10.0,3.0,5.0,30.0,29.0,17.0,13.0,4.0,3.0
20220117,3.0,10.0,3.0,5.0,55.0,57.0,28.0,32.0,3.0,10.0
20220117,5.0,0.0,5.0,3.0,47.0,52.0,18.0,18.0,6.0,11.0
20220117,17.0,2.0,3.0,5.0,35.0,21.0,14.0,12.0,2.0,4.0
20220117,10.0,1.0,2.0,2.0,34.0,24.0,15.0,15.0,0.0,5.0
20220117,16.0,12.0,5.0,2.0,78.0,74.0,24.0,17.0,13.0,5.0
20220117,3.0,5.0,1.0,3.0,41.0,35.0,22.0,14.0,4.0,6.0
20220117,8.0,3.0,7.0,1.0,49.0,68.0,32.0,19.0,6.0,13.0
20220117,3.0,3.0,5.0,3.0,38.0,35.0,17.0,13.0,6.0,9.0
20220117,4.0,4.0,4.0,6.0,53.0,45.0,19.0,24.0,4.0,15.0
20220117,5.0,3.0,2.0,4.0,41.0,47.0,25.0,24.0,6.0,12.0
20220117,31.0,39.0,20.0,2.0,90.0,91.0,46.0,35.0,9.0,5.0
20220117,12.0,9.0,6.0,4.0,65.0,71.0,27.0,31.0,1.0,7.0
20220117,8.0,5.0,1.0,2.0,48.0,38.0,12.0,13.0,2.0,5.0
20220117,21.0,6.0,1.0,2.0,47.0,36.0,11.0,20.0,1.0,4.0
20220117,10.0,1.0,3.0,0.0,48.0,35.0,18.0,14.0,4.0,2.0
20220117,7.0,9.0,0.0,3.0,64.0,60.0,31.0,28.0,8.0,4.0
20220117,7.0,7.0,3.0,3.0,46.0,30.0,21.0,22.0,9.0,5.0
20220117,11.0,4.0,1.0,8.0,35.0,32.0,18.0,12.0,4.0,9.0
20220117,11.0,7.0,8.0,11.0,74.0,72.0,34.0,30.0,13.0,4.0
20220117,6.0,8.0,3.0,4.0,99.0,87.0,32.0,29.0,18.0,9.0
20220117,10.0,10.0,9.0,14.0,78.0,70.0,24.0,41.0,7.0,10.0
20220117,3.0,0.0,3.0,2.0,45.0,36.0,13.0,10.0,0.0,5.0
20220117,21.0,1.0,1.0,5.0,55.0,50.0,17.0,12.0,4.0,10.0
20220117,14.0,0.0,7.0,0.0,47.0,18.0,5.0,21.0,2.0,3.0
20220117,3.0,11.0,1.0,2.0,48.0,44.0,24.0,25.0,5.0,8.0
20220117,18.0,5.0,5.0,4.0,57.0,48.0,20.0,16.0,7.0,7.0
20220117,29.0,3.0,10.0,6.0,97.0,82.0,26.0,39.0,3.0,12.0
20220117,6.0,11.0,0.0,2.0,42.0,34.0,17.0,14.0,9.0,8.0
20220117,6.0,6.0,3.0,3.0,47.0,48.0,17.0,17.0,2.0,10.0
20220117,19.0,2.0,2.0,4.0,47.0,38.0,14.0,17.0,3.0,7.0
20220117,1.0,5.0,5.0,1.0,35.0,34.0,25.0,20.0,2.0,12.0
20220117,2.0,7.0,3.0,2.0,57.0,54.0,25.0,14.0,14.0,4.0
20220117,11.0,3.0,3.0,0.0,44.0,35.0,15.0,13.0,3.0,2.0
20220117,12.0,7.0,2.0,3.0,45.0,44.0,21.0,16.0,9.0,5.0
20220117,11.0,5.0,2.0,1.0,37.0,33.0,18.0,15.0,1.0,3.0
20220117,5.0,3.0,1.0,5.0,28.0,22.0,18.0,10.0,1.0,9.0
20220117,21.0,6.0,6.0,3.0,55.0,41.0,23.0,26.0,6.0,10.0
20220117,14.0,7.0,9.0,6.0,63.0,65.0,39.0,28.0,5.0,8.0
20220117,12.0,5.0,3.0,4.0,76.0,73.0,21.0,23.0,4.0,14.0
20220117,13.0,2.0,3.0,5.0,34.0,31.0,21.0,16.0,4.0,9.0
20220117,20.0,6.0,2.0,4.0,51.0,56.0,29.0,21.0,1.0,4.0
20220117,,,,,,,,,,
20220117,28.0,6.0,6.0,2.0,89.0,77.0,28.0,31.0,7.0,3.0
20220117,7.0,5.0,3.0,7.0,54.0,48.0,22.0,18.0,6.0,7.0
20220117,18.0,4.0,12.0,3.0,61.0,43.0,23.0,16.0,5.0,1.0
20220117,16.0,3.0,1.0,1.0,29.0,27.0,11.0,13.0,4.0,3.0
20220117,31.0,17.0,5.0,2.0,67.0,67.0,20.0,14.0,7.0,7.0
20220117,2.0,13.0,3.0,8.0,55.0,59.0,40.0,17.0,11.0,7.0
20220117,14.0,4.0,4.0,6.0,38.0,35.0,20.0,13.0,1.0,4.0
20220117,10.0,21.0,6.0,8.0,68.0,66.0,32.0,26.0,11.0,9.0
20220117,10.0,12.0,2.0,8.0,90.0,71.0,21.0,36.0,9.0,5.0
20220117,16.0,5.0,7.0,1.0,57.0,34.0,7.0,16.0,5.0,3.0
20220117,10.0,17.0,5.0,3.0,59.0,63.0,31.0,28.0,3.0,9.0
20220117,11.0,16.0,2.0,6.0,66.0,86.0,38.0,31.0,6.0,19.0
20220117,4.0,14.0,6.0,3.0,55.0,50.0,18.0,14.0,4.0,10.0
20220117,8.0,1.0,2.0,3.0,36.0,46.0,17.0,8.0,0.0,8.0
20220117,10.0,11.0,2.0,8.0,52.0,41.0,8.0,18.0,2.0,10.0
20220117,19.0,10.0,6.0,6.0,49.0,53.0,23.0,21.0,6.0,9.0
20220117,21.0,11.0,2.0,9.0,59.0,58.0,33.0,33.0,2.0,8.0
20220117,24.0,17.0,3.0,2.0,52.0,63.0,29.0,20.0,0.0,4.0
20220117,16.0,1.0,3.0,3.0,39.0,25.0,13.0,14.0,3.0,1.0
20220117,28.0,17.0,4.0,2.0,54.0,52.0,30.0,17.0,3.0,5.0
20220117,10.0,3.0,6.0,0.0,47.0,33.0,15.0,19.0,3.0,7.0
20220117,17.0,4.0,4.0,4.0,48.0,48.0,21.0,28.0,5.0,7.0
20220117,28.0,2.0,1.0,2.0,62.0,57.0,12.0,17.0,1.0,5.0
20220117,3.0,3.0,11.0,8.0,50.0,46.0,18.0,6.0,3.0,2.0
20220117,16.0,7.0,6.0,4.0,42.0,40.0,24.0,23.0,1.0,12.0
20220117,9.0,7.0,0.0,2.0,52.0,44.0,26.0,14.0,7.0,3.0
20220117,19.0,13.0,1.0,4.0,85.0,66.0,25.0,29.0,13.0,2.0
20220117,22.0,24.0,4.0,8.0,62.0,66.0,26.0,29.0,0.0,13.0
20220117,15.0,18.0,6.0,18.0,71.0,77.0,29.0,32.0,1.0,9.0
20220117,12.0,15.0,2.0,7.0,76.0,58.0,34.0,32.0,11.0,7.0
20220117,8.0,20.0,11.0,5.0,79.0,58.0,21.0,31.0,6.0,4.0
20220117,4.0,4.0,2.0,1.0,42.0,30.0,15.0,13.0,0.0,0.0
20220117,15.0,18.0,9.0,4.0,94.0,91.0,36.0,25.0,9.0,2.0
20220117,5.0,14.0,2.0,2.0,51.0,50.0,20.0,15.0,1.0,4.0
20220117,13.0,5.0,4.0,1.0,61.0,56.0,21.0,23.0,2.0,8.0
20220117,3.0,23.0,5.0,5.0,78.0,89.0,34.0,23.0,16.0,15.0
20200120,5.0,0.0,5.0,2.0,31.0,32.0,16.0,8.0,3.0,10.0
20200120,11.0,4.0,4.0,5.0,52.0,43.0,21.0,24.0,3.0,8.0
20200120,12.0,22.0,1.0,4.0,55.0,54.0,28.0,15.0,3.0,8.0
20200120,12.0,8.0,3.0,2.0,58.0,43.0,20.0,26.0,1.0,4.0
20200120,14.0,12.0,1.0,3.0,59.0,50.0,12.0,17.0,0.0,4.0
20200120,9.0,1.0,2.0,0.0,38.0,27.0,19.0,10.0,7.0,3.0
20200120,4.0,6.0,4.0,2.0,54.0,30.0,10.0,9.0,6.0,4.0
20200120,10.0,6.0,1.0,2.0,59.0,55.0,30.0,31.0,1.0,5.0
20200120,6.0,3.0,4.0,3.0,44.0,26.0,15.0,12.0,7.0,3.0
20200120,13.0,14.0,3.0,7.0,58.0,48.0,18.0,23.0,1.0,3.0
20200120,28.0,21.0,4.0,15.0,80.0,80.0,40.0,41.0,6.0,5.0
20200120,14.0,8.0,3.0,7.0,59.0,67.0,35.0,25.0,4.0,12.0
20200120,17.0,4.0,0.0,3.0,44.0,40.0,13.0,12.0,2.0,4.0
20200120,16.0,11.0,3.0,6.0,78.0,76.0,25.0,27.0,8.0,4.0
20200120,11.0,9.0,3.0,4.0,57.0,76.0,30.0,25.0,4.0,6.0
20200120,7.0,5.0,4.0,3.0,44.0,28.0,21.0,19.0,6.0,5.0
20200120,13.0,3.0,12.0,2.0,45.0,45.0,26.0,17.0,6.0,5.0
20200120,1.0,10.0,3.0,1.0,44.0,50.0,20.0,11.0,6.0,6.0
20200120,2.0,5.0,2.0,1.0,62.0,60.0,25.0,16.0,12.0,19.0
20200120,12.0,11.0,2.0,3.0,40.0,36.0,22.0,9.0,4.0,2.0
20200120,46.0,18.0,4.0,4.0,99.0,102.0,23.0,18.0,3.0,2.0
20200120,5.0,10.0,3.0,0.0,72.0,87.0,33.0,21.0,6.0,6.0
20200120,10.0,7.0,1.0,1.0,43.0,43.0,22.0,22.0,0.0,5.0
20200120,21.0,1.0,1.0,3.0,57.0,65.0,36.0,24.0,2.0,4.0
20200120,8.0,2.0,2.0,5.0,39.0,28.0,15.0,13.0,2.0,3.0
20200120,14.0,8.0,5.0,5.0,61.0,77.0,44.0,23.0,11.0,7.0
20200120,7.0,6.0,0.0,1.0,34.0,13.0,16.0,14.0,1.0,1.0
20200120,8.0,15.0,2.0,3.0,46.0,63.0,23.0,22.0,1.0,11.0
20200120,22.0,14.0,4.0,4.0,80.0,75.0,37.0,28.0,11.0,11.0
20200120,5.0,5.0,2.0,6.0,45.0,29.0,12.0,17.0,1.0,5.0
20200120,21.0,13.0,3.0,5.0,80.0,86.0,26.0,27.0,4.0,10.0
20200120,8.0,3.0,4.0,1.0,66.0,44.0,8.0,20.0,8.0,7.0
20200120,11.0,4.0,5.0,4.0,33.0,39.0,22.0,7.0,2.0,4.0
20200120,13.0,6.0,2.0,3.0,49.0,41.0,22.0,13.0,4.0,5.0
20200120,4.0,2.0,2.0,2.0,33.0,27.0,21.0,11.0,3.0,4.0
20200120,18.0,7.0,1.0,4.0,41.0,33.0,17.0,20.0,1.0,7.0
20200120,6.0,8.0,1.0,1.0,45.0,46.0,18.0,13.0,2.0,6.0
20200120,17.0,10.0,8.0,7.0,67.0,75.0,39.0,29.0,7.0,13.0
20200120,5.0,7.0,1.0,12.0,45.0,32.0,23.0,14.0,11.0,10.0
20200120,11.0,35.0,6.0,4.0,66.0,88.0,43.0,27.0,4.0,3.0
20200120,3.0,7.0,5.0,8.0,65.0,65.0,25.0,22.0,6.0,5.0
20200120,2.0,3.0,1.0,3.0,42.0,42.0,20.0,17.0,4.0,4.0
20200120,5.0,6.0,1.0,5.0,47.0,52.0,25.0,22.0,3.0,5.0
20200120,17.0,4.0,4.0,4.0,56.0,48.0,16.0,14.0,4.0,7.0
20200120,16.0,13.0,9.0,6.0,77.0,69.0,21.0,19.0,5.0,2.0
20200120,5.0,6.0,2.0,11.0,62.0,54.0,25.0,25.0,8.0,6.0
20200120,6.0,32.0,1.0,15.0,89.0,94.0,30.0,24.0,8.0,8.0
20200120,11.0,3.0,1.0,2.0,40.0,26.0,13.0,13.0,1.0,4.0
20200120,8.0,2.0,2.0,1.0,33.0,27.0,15.0,9.0,0.0,7.0
20200120,6.0,5.0,0.0,1.0,43.0,38.0,17.0,13.0,4.0,9.0
20200120,4.0,5.0,1.0,5.0,47.0,33.0,19.0,17.0,6.0,5.0
20200120,9.0,1.0,3.0,4.0,33.0,20.0,15.0,21.0,0.0,8.0
20200120,13.0,7.0,12.0,9.0,61.0,62.0,43.0,30.0,18.0,9.0
20200120,9.0,4.0,1.0,6.0,35.0,30.0,20.0,12.0,3.0,4.0
20200120,8.0,2.0,0.0,4.0,46.0,25.0,11.0,16.0,2.0,6.0
20200120,2.0,12.0,1.0,3.0,42.0,37.0,14.0,10.0,4.0,4.0
20200120,4.0,8.0,2.0,2.0,33.0,31.0,20.0,12.0,2.0,6.0
20200120,3.0,7.0,2.0,5.0,63.0,63.0,29.0,25.0,11.0,12.0
20200120,22.0,7.0,2.0,4.0,83.0,67.0,21.0,33.0,5.0,7.0
20200120,9.0,4.0,1.0,0.0,59.0,46.0,19.0,25.0,1.0,8.0
20200120,2.0,6.0,3.0,6.0,44.0,61.0,37.0,21.0,6.0,7.0
20200120,2.0,7.0,2.0,5.0,45.0,48.0,28.0,22.0,5.0,6.0
20200120,6.0,13.0,4.0,0.0,52.0,44.0,13.0,12.0,2.0,7.0
20200120,14.0,13.0,3.0,7.0,46.0,41.0,16.0,20.0,1.0,4.0
20200120,8.0,2.0,1.0,8.0,52.0,45.0,17.0,18.0,0.0,17.0
20200120,11.0,12.0,2.0,4.0,44.0,52.0,21.0,19.0,6.0,12.0
20200120,28.0,8.0,4.0,3.0,59.0,55.0,19.0,18.0,1.0,6.0
20200120,7.0,4.0,6.0,1.0,64.0,71.0,22.0,28.0,14.0,14.0
20200120,5.0,17.0,7.0,8.0,79.0,71.0,15.0,25.0,1.0,4.0
20200120,13.0,4.0,2.0,1.0,46.0,30.0,23.0,18.0,8.0,5.0
20200120,20.0,21.0,5.0,6.0,68.0,83.0,36.0,21.0,1.0,9.0
20200120,12.0,14.0,3.0,5.0,76.0,67.0,24.0,30.0,5.0,17.0
20200120,19.0,4.0,2.0,1.0,39.0,38.0,23.0,10.0,3.0,6.0
20200120,8.0,1.0,6.0,2.0,48.0,38.0,18.0,17.0,4.0,5.0
20200120,32.0,7.0,2.0,5.0,50.0,38.0,8.0,14.0,0.0,3.0
20200120,19.0,5.0,4.0,2.0,66.0,63.0,29.0,34.0,0.0,10.0
20200120,3.0,9.0,12.0,6.0,52.0,44.0,21.0,32.0,8.0,9.0
20200120,20.0,3.0,2.0,3.0,38.0,49.0,24.0,21.0,0.0,8.0
20200120,13.0,4.0,3.0,8.0,68.0,64.0,22.0,25.0,8.0,7.0
20200120,9.0,8.0,0.0,4.0,57.0,60.0,13.0,21.0,1.0,11.0
20200120,22.0,16.0,2.0,3.0,84.0,82.0,23.0,31.0,8.0,3.0
20200120,26.0,7.0,4.0,8.0,59.0,53.0,23.0,33.0,3.0,6.0
20200120,6.0,3.0,5.0,3.0,54.0,40.0,18.0,15.0,7.0,6.0
20200120,10.0,12.0,6.0,4.0,68.0,74.0,42.0,34.0,8.0,8.0
20200120,6.0,0.0,3.0,4.0,38.0,36.0,16.0,17.0,1.0,5.0
20200120,11.0,21.0,5.0,8.0,86.0,85.0,44.0,34.0,9.0,11.0
20200120,5.0,9.0,5.0,8.0,42.0,29.0,23.0,11.0,5.0,2.0
20200120,14.0,4.0,0.0,2.0,36.0,33.0,13.0,4.0,2.0,7.0
20200120,,,,,,,,,,
20200120,19.0,2.0,6.0,3.0,36.0,35.0,22.0,7.0,3.0,0.0
20200120,17.0,30.0,6.0,10.0,85.0,73.0,26.0,24.0,6.0,4.0
20200120,3.0,14.0,1.0,6.0,57.0,65.0,16.0,11.0,1.0,11.0
20200120,4.0,1.0,5.0,3.0,33.0,30.0,22.0,9.0,3.0,7.0
20200120,12.0,2.0,0.0,1.0,46.0,34.0,14.0,14.0,5.0,4.0
20200120,2.0,7.0,1.0,1.0,49.0,37.0,12.0,19.0,2.0,3.0
20200120,16.0,9.0,5.0,1.0,43.0,33.0,10.0,9.0,0.0,4.0
20200120,9.0,6.0,0.0,1.0,34.0,29.0,18.0,7.0,0.0,5.0
20200120,33.0,21.0,4.0,5.0,102.0,104.0,32.0,29.0,3.0,3.0
20200120,9.0,9.0,6.0,6.0,52.0,37.0,18.0,21.0,4.0,4.0
20200120,12.0,20.0,5.0,4.0,69.0,60.0,24.0,17.0,6.0,4.0
20200120,6.0,8.0,3.0,7.0,33.0,37.0,22.0,10.0,1.0,3.0
20200120,8.0,7.0,0.0,1.0,18.0,23.0,16.0,5.0,3.0,5.0
20200120,14.0,11.0,3.0,1.0,64.0,56.0,22.0,25.0,1.0,2.0
20200120,15.0,3.0,3.0,2.0,47.0,27.0,8.0,16.0,4.0,4.0
20200120,12.0,15.0,4.0,5.0,50.0,42.0,17.0,9.0,12.0,3.0
20200120,11.0,7.0,5.0,1.0,47.0,37.0,19.0,13.0,6.0,1.0
20200120,6.0,3.0,1.0,3.0,36.0,25.0,17.0,12.0,4.0,8.0
20200120,16.0,11.0,6.0,4.0,85.0,80.0,30.0,43.0,4.0,7.0
20200120,19.0,9.0,1.0,3.0,56.0,52.0,20.0,18.0,0.0,4.0
20200120,24.0,9.0,2.0,2.0,75.0,76.0,28.0,27.0,8.0,12.0
20200120,3.0,5.0,2.0,2.0,43.0,32.0,17.0,12.0,2.0,4.0
20200120,17.0,1.0,2.0,4.0,43.0,29.0,11.0,12.0,1.0,1.0
20200120,12.0,25.0,4.0,5.0,66.0,83.0,27.0,14.0,1.0,7.0
20200120,2.0,9.0,1.0,0.0,39.0,48.0,18.0,12.0,0.0,10.0
20200120,18.0,19.0,1.0,2.0,72.0,67.0,22.0,25.0,5.0,7.0
20200120,11.0,5.0,3.0,5.0,49.0,41.0,11.0,14.0,0.0,4.0
20200120,21.0,8.0,2.0,3.0,69.0,52.0,24.0,33.0,5.0,0.0
20200120,5.0,1.0,0.0,1.0,48.0,24.0,21.0,25.0,7.0,5.0
20200120,35.0,5.0,3.0,3.0,55.0,38.0,14.0,18.0,4.0,5.0
20200120,8.0,1.0,1.0,4.0,41.0,31.0,21.0,19.0,2.0,4.0
20200120,14.0,11.0,4.0,3.0,65.0,72.0,28.0,24.0,5.0,5.0
20200120,13.0,4.0,1.0,5.0,56.0,41.0,8.0,24.0,3.0,8.0
20200120,5.0,27.0,3.0,5.0,80.0,77.0,31.0,24.0,10.0,11.0
20200120,4.0,18.0,1.0,6.0,60.0,58.0,15.0,20.0,2.0,14.0
20200120,10.0,16.0,4.0,3.0,74.0,70.0,19.0,12.0,9.0,5.0
20200120,11.0,15.0,1.0,3.0,54.0,45.0,15.0,15.0,5.0,7.0
20200120,9.0,13.0,5.0,5.0,66.0,75.0,24.0,28.0,7.0,7.0
20210208,9.0,3.0,1.0,3.0,37.0,30.0,11.0,13.0,0.0,7.0
20210208,6.0,8.0,3.0,2.0,35.0,33.0,18.0,8.0,4.0,4.0
20210208,18.0,3.0,2.0,4.0,45.0,43.0,21.0,14.0,1.0,5.0
20210208,11.0,6.0,4.0,4.0,59.0,61.0,32.0,26.0,11.0,6.0
20210208,7.0,2.0,2.0,5.0,36.0,35.0,21.0,17.0,0.0,9.0
20210208,7.0,3.0,6.0,8.0,66.0,61.0,31.0,25.0,9.0,15.0
20210208,1.0,3.0,0.0,0.0,73.0,64.0,19.0,27.0,3.0,6.0
20210208,17.0,2.0,2.0,3.0,40.0,40.0,17.0,14.0,2.0,11.0
20210208,4.0,13.0,11.0,5.0,92.0,65.0,25.0,29.0,17.0,7.0
20210208,7.0,4.0,1.0,1.0,49.0,32.0,16.0,23.0,8.0,10.0
20210208,41.0,15.0,10.0,3.0,66.0,55.0,24.0,26.0,6.0,4.0
20210208,6.0,11.0,5.0,5.0,71.0,66.0,25.0,38.0,6.0,10.0
20210208,4.0,4.0,1.0,3.0,39.0,42.0,27.0,11.0,6.0,3.0
20210208,8.0,7.0,2.0,6.0,42.0,41.0,15.0,13.0,3.0,4.0
20210208,26.0,4.0,4.0,4.0,52.0,62.0,21.0,18.0,0.0,6.0
20210208,16.0,6.0,4.0,8.0,67.0,63.0,20.0,22.0,2.0,9.0
20210208,1.0,4.0,2.0,4.0,35.0,41.0,17.0,21.0,1.0,13.0
20210208,8.0,3.0,4.0,4.0,42.0,44.0,17.0,14.0,1.0,6.0
20210208,14.0,5.0,1.0,3.0,46.0,48.0,8.0,16.0,0.0,12.0
20210208,14.0,9.0,0.0,2.0,66.0,53.0,26.0,27.0,6.0,8.0
20210208,19.0,4.0,2.0,2.0,52.0,42.0,15.0,18.0,3.0,6.0
20210208,11.0,7.0,3.0,2.0,50.0,52.0,22.0,16.0,0.0,12.0
20210208,22.0,18.0,4.0,3.0,72.0,74.0,25.0,25.0,6.0,7.0
20210208,12.0,3.0,2.0,1.0,57.0,43.0,15.0,18.0,8.0,5.0
20210208,12.0,4.0,9.0,4.0,74.0,68.0,28.0,24.0,17.0,5.0
20210208,10.0,6.0,3.0,2.0,38.0,25.0,9.0,13.0,6.0,3.0
20210208,6.0,3.0,1.0,6.0,34.0,38.0,20.0,9.0,1.0,9.0
20210208,7.0,2.0,2.0,1.0,37.0,32.0,14.0,7.0,0.0,3.0
20210208,5.0,21.0,5.0,23.0,59.0,54.0,30.0,26.0,14.0,15.0
20210208,11.0,6.0,3.0,2.0,37.0,36.0,17.0,12.0,1.0,6.0
20210208,6.0,0.0,3.0,7.0,44.0,40.0,13.0,21.0,0.0,2.0
20210208,1.0,5.0,4.0,6.0,52.0,41.0,22.0,21.0,11.0,5.0
20210208,17.0,7.0,3.0,5.0,41.0,44.0,12.0,16.0,3.0,8.0
20210208,7.0,6.0,0.0,4.0,40.0,31.0,20.0,17.0,2.0,3.0
20210208,21.0,19.0,11.0,4.0,54.0,56.0,41.0,35.0,2.0,2.0
20210208,11.0,10.0,4.0,6.0,46.0,40.0,26.0,22.0,2.0,7.0
20210208,4.0,5.0,2.0,1.0,35.0,26.0,12.0,13.0,3.0,1.0
20210208,11.0,3.0,1.0,5.0,52.0,38.0,15.0,21.0,7.0,9.0
20210208,10.0,14.0,3.0,3.0,55.0,49.0,23.0,17.0,6.0,2.0
20210208,11.0,7.0,4.0,7.0,59.0,53.0,24.0,20.0,4.0,6.0
20210208,12.0,8.0,7.0,11.0,67.0,76.0,37.0,35.0,4.0,7.0
20210208,21.0,6.0,2.0,7.0,52.0,36.0,21.0,26.0,4.0,6.0
20210208,14.0,3.0,3.0,8.0,49.0,51.0,18.0,15.0,5.0,5.0
20210208,23.0,4.0,2.0,2.0,52.0,47.0,18.0,19.0,1.0,7.0
20210208,14.0,15.0,2.0,3.0,61.0,45.0,21.0,25.0,0.0,3.0
20210208,2.0,17.0,4.0,14.0,54.0,42.0,12.0,16.0,2.0,7.0
20210208,8.0,6.0,3.0,8.0,57.0,50.0,16.0,29.0,2.0,14.0
20210208,8.0,6.0,2.0,3.0,39.0,32.0,16.0,12.0,1.0,4.0
20210208,1.0,0.0,1.0,6.0,27.0,26.0,17.0,4.0,0.0,3.0
20210208,19.0,2.0,2.0,3.0,34.0,21.0,15.0,13.0,1.0,1.0
20210208,2.0,4.0,1.0,6.0,37.0,35.0,23.0,16.0,3.0,7.0
20210208,7.0,19.0,9.0,3.0,91.0,67.0,20.0,23.0,13.0,3.0
20210208,10.0,15.0,6.0,3.0,67.0,57.0,33.0,29.0,7.0,8.0
20210208,2.0,2.0,5.0,2.0,48.0,45.0,19.0,8.0,9.0,8.0
20210208,11.0,14.0,1.0,10.0,51.0,41.0,19.0,25.0,5.0,6.0
20210208,14.0,18.0,1.0,2.0,64.0,61.0,15.0,16.0,3.0,5.0
20210208,2.0,9.0,8.0,3.0,34.0,28.0,21.0,22.0,0.0,6.0
20210208,5.0,8.0,0.0,8.0,37.0,37.0,13.0,12.0,2.0,11.0
20210208,10.0,7.0,1.0,3.0,49.0,35.0,23.0,28.0,1.0,0.0
20210208,4.0,12.0,1.0,5.0,37.0,34.0,15.0,18.0,0.0,6.0
20210208,8.0,9.0,4.0,7.0,57.0,62.0,22.0,26.0,3.0,11.0
20210208,12.0,5.0,2.0,5.0,43.0,31.0,15.0,16.0,7.0,9.0
20210208,9.0,16.0,8.0,3.0,85.0,79.0,25.0,32.0,7.0,5.0
20210208,5.0,4.0,1.0,5.0,40.0,26.0,11.0,13.0,4.0,5.0
20210208,26.0,23.0,5.0,8.0,62.0,58.0,27.0,34.0,1.0,9.0
20210208,18.0,43.0,7.0,7.0,92.0,92.0,42.0,32.0,14.0,10.0
20210208,2.0,9.0,5.0,2.0,50.0,64.0,38.0,38.0,1.0,11.0
20210208,26.0,3.0,6.0,3.0,52.0,42.0,20.0,24.0,0.0,10.0
20210208,5.0,10.0,5.0,3.0,52.0,44.0,21.0,21.0,5.0,8.0
20210208,6.0,25.0,3.0,10.0,72.0,57.0,22.0,24.0,17.0,5.0
20210208,10.0,5.0,2.0,2.0,40.0,30.0,13.0,12.0,2.0,10.0
20210208,15.0,10.0,3.0,9.0,51.0,41.0,15.0,24.0,4.0,6.0
20210208,7.0,1.0,2.0,3.0,38.0,26.0,13.0,11.0,2.0,6.0
20210208,30.0,27.0,5.0,4.0,83.0,91.0,24.0,23.0,2.0,6.0
20210208,10.0,6.0,4.0,3.0,47.0,33.0,17.0,14.0,4.0,5.0
20210208,3.0,36.0,4.0,4.0,62.0,60.0,27.0,15.0,6.0,1.0
20210208,16.0,6.0,7.0,5.0,42.0,29.0,18.0,18.0,7.0,5.0
20210208,19.0,3.0,3.0,1.0,35.0,28.0,15.0,12.0,0.0,4.0
20210208,10.0,5.0,2.0,5.0,29.0,20.0,16.0,7.0,5.0,8.0
20210208,0.0,5.0,1.0,5.0,28.0,19.0,11.0,9.0,2.0,6.0
20210208,16.0,10.0,0.0,2.0,49.0,53.0,25.0,22.0,4.0,7.0
20210208,16.0,15.0,4.0,3.0,75.0,80.0,34.0,21.0,9.0,0.0
20210208,11.0,4.0,4.0,4.0,59.0,48.0,26.0,22.0,10.0,6.0
20210208,5.0,12.0,3.0,1.0,58.0,46.0,15.0,18.0,2.0,6.0
20210208,25.0,21.0,5.0,7.0,71.0,64.0,23.0,29.0,2.0,4.0
20210208,13.0,18.0,0.0,5.0,59.0,55.0,23.0,16.0,4.0,6.0
20210208,10.0,7.0,6.0,8.0,53.0,49.0,27.0,14.0,10.0,9.0
20210208,13.0,0.0,3.0,3.0,42.0,19.0,13.0,13.0,2.0,1.0
20210208,17.0,23.0,10.0,8.0,80.0,93.0,30.0,36.0,3.0,17.0
20210208,2.0,7.0,8.0,5.0,56.0,52.0,19.0,22.0,7.0,10.0
20210208,12.0,4.0,2.0,4.0,39.0,43.0,20.0,19.0,2.0,10.0
20210208,19.0,9.0,2.0,2.0,61.0,45.0,19.0,25.0,12.0,4.0
20210208,5.0,10.0,6.0,5.0,63.0,59.0,40.0,37.0,4.0,10.0
20210208,1.0,9.0,0.0,2.0,44.0,45.0,18.0,12.0,2.0,9.0
20210208,8.0,5.0,5.0,3.0,69.0,61.0,18.0,28.0,6.0,14.0
20210208,7.0,8.0,3.0,4.0,43.0,27.0,9.0,12.0,0.0,6.0
20210208,15.0,24.0,5.0,1.0,79.0,69.0,27.0,33.0,9.0,5.0
20210208,13.0,2.0,5.0,7.0,51.0,49.0,30.0,36.0,1.0,7.0
20210208,10.0,2.0,3.0,3.0,65.0,68.0,18.0,18.0,4.0,9.0
20210208,19.0,4.0,6.0,3.0,45.0,25.0,12.0,19.0,3.0,7.0
20210208,14.0,25.0,1.0,2.0,67.0,88.0,36.0,17.0,6.0,7.0
20210208,3.0,1.0,0.0,0.0,9.0,9.0,4.0,2.0,1.0,4.0
20210208,8.0,4.0,2.0,5.0,47.0,34.0,20.0,21.0,3.0,6.0
20210208,9.0,0.0,1.0,1.0,46.0,27.0,16.0,8.0,10.0,1.0
20210208,12.0,11.0,3.0,7.0,39.0,32.0,24.0,17.0,3.0,5.0
20210208,9.0,3.0,4.0,6.0,50.0,48.0,27.0,28.0,3.0,7.0
20210208,12.0,9.0,3.0,4.0,47.0,51.0,16.0,10.0,2.0,4.0
20210208,15.0,2.0,4.0,3.0,54.0,59.0,31.0,24.0,8.0,11.0
20210208,8.0,0.0,3.0,4.0,31.0,31.0,16.0,5.0,0.0,5.0
20210208,18.0,12.0,1.0,3.0,64.0,56.0,23.0,24.0,2.0,4.0
20210208,3.0,4.0,3.0,3.0,35.0,27.0,23.0,22.0,1.0,3.0
20210208,7.0,9.0,1.0,4.0,43.0,51.0,18.0,7.0,0.0,7.0
20210208,10.0,26.0,3.0,3.0,64.0,57.0,23.0,23.0,2.0,8.0
20210208,15.0,1.0,3.0,2.0,53.0,49.0,14.0,18.0,1.0,10.0
20210208,10.0,2.0,1.0,2.0,37.0,41.0,14.0,9.0,5.0,8.0
20210208,9.0,11.0,6.0,3.0,59.0,53.0,22.0,27.0,1.0,9.0
20210208,4.0,5.0,0.0,2.0,27.0,25.0,13.0,8.0,1.0,6.0
20210208,7.0,1.0,2.0,2.0,36.0,28.0,15.0,12.0,0.0,1.0
20210208,,,,,,,,,,
20210208,6.0,7.0,3.0,3.0,33.0,36.0,20.0,18.0,4.0,13.0
20210208,23.0,21.0,5.0,5.0,86.0,60.0,19.0,22.0,9.0,3.0
20210208,9.0,9.0,6.0,7.0,39.0,38.0,26.0,15.0,10.0,3.0
20210208,14.0,8.0,4.0,3.0,43.0,25.0,19.0,25.0,4.0,6.0
20210208,17.0,15.0,0.0,2.0,66.0,80.0,36.0,28.0,1.0,3.0
20210208,17.0,6.0,2.0,2.0,39.0,22.0,16.0,11.0,3.0,1.0
20210208,17.0,3.0,2.0,3.0,49.0,43.0,12.0,13.0,2.0,4.0
20210208,3.0,6.0,2.0,4.0,38.0,34.0,15.0,9.0,2.0,4.0
